<?xml version="1.0" encoding="utf-8"?>
<?xml-stylesheet type='text/xsl' href='ConversionLogFile.xsl'?>
<LogFile projectName="Server-1_V16" typeText="Type" messageText="Message" timeText="Time">
  <MessageCell ServiceId="80" MessageId="30" MessageClass="Information" Timestamp="7/26/2021 6:12:17 PM">
    <Number ServiceNumber="80" MessageNumber="30" />
    <Text FeedbackText="Upgrade started" />
    <Help HelpId="-1" />
  </MessageCell>
  <Details ServiceId="80" MessageId="30" Timestamp="7/26/2021 6:12:20 PM" Debug="false">
    <Text>Reorganization succeed!</Text>
  </Details>
  <MessageCell ServiceId="80" MessageId="30" MessageClass="Information" Timestamp="7/26/2021 6:12:21 PM">
    <Number ServiceNumber="80" MessageNumber="30" />
    <Text FeedbackText="CheckRepair lost+found objects" />
    <Help HelpId="-1" />
  </MessageCell>
  <Details ServiceId="80" MessageId="30" Timestamp="7/26/2021 6:12:27 PM" Debug="false">
    <Text>No error is detected.</Text>
  </Details>
  <MessageCell ServiceId="80" MessageId="30" MessageClass="Information" Timestamp="7/26/2021 6:12:27 PM">
    <Number ServiceNumber="80" MessageNumber="30" />
    <Text FeedbackText="CheckRepair missing bidirectional links" />
    <Help HelpId="-1" />
  </MessageCell>
  <Details ServiceId="80" MessageId="30" Timestamp="7/26/2021 6:12:29 PM" Debug="false">
    <Text>No error is detected.</Text>
  </Details>
  <MessageCell ServiceId="80" MessageId="30" MessageClass="Information" Timestamp="7/26/2021 6:12:30 PM">
    <Number ServiceNumber="80" MessageNumber="30" />
    <Text FeedbackText="CheckRepair clear segment flags" />
    <Help HelpId="-1" />
  </MessageCell>
  <Details ServiceId="80" MessageId="30" Timestamp="7/26/2021 6:12:30 PM" Debug="false">
    <Text>No error is detected.</Text>
  </Details>
  <Details ServiceId="80" MessageId="30" Timestamp="7/26/2021 6:12:50 PM" Debug="false">
    <Text>HmiConvert: Started conversion section.</Text>
  </Details>
  <Details ServiceId="80" MessageId="30" Timestamp="7/26/2021 6:12:50 PM" Debug="false">
    <Text>HmiConvert: Starting conversion step &lt;Siemens.Simatic.Hmi.Device.DeviceManagers.Scan:Siemens.Simatic.Hmi.Utah.Device.Upgrade.DeviceConverter.ConvertHmiDeviceToV16&gt;.</Text>
  </Details>
  <Details ServiceId="80" MessageId="30" Timestamp="7/26/2021 6:12:52 PM" Debug="false">
    <Text>HmiConvert: Finished conversion step &lt;Siemens.Simatic.Hmi.Device.DeviceManagers.Scan:Siemens.Simatic.Hmi.Utah.Device.Upgrade.DeviceConverter.ConvertHmiDeviceToV16&gt;.</Text>
  </Details>
  <Details ServiceId="80" MessageId="30" Timestamp="7/26/2021 6:12:52 PM" Debug="false">
    <Text>HmiConvert: Starting conversion step &lt;Siemens.Simatic.Hmi.Globalization.Managers.Scan:Siemens.Simatic.Hmi.Utah.Globalization.HmiTextDataCategoryNameConvert.RepairTextCategoryName&gt;.</Text>
  </Details>
  <Details ServiceId="80" MessageId="30" Timestamp="7/26/2021 6:12:52 PM" Debug="false">
    <Text>HmiConvert: Finished conversion step &lt;Siemens.Simatic.Hmi.Globalization.Managers.Scan:Siemens.Simatic.Hmi.Utah.Globalization.HmiTextDataCategoryNameConvert.RepairTextCategoryName&gt;.</Text>
  </Details>
  <Details ServiceId="80" MessageId="30" Timestamp="7/26/2021 6:12:52 PM" Debug="false">
    <Text>HmiConvert: Starting conversion step &lt;Siemens.Simatic.Hmi.BL.ModernUI:Siemens.Simatic.Hmi.BL.ModernUI.Convert.ScreenItemPhaseConverter.AdaptModel&gt;.</Text>
  </Details>
  <Details ServiceId="80" MessageId="30" Timestamp="7/26/2021 6:12:52 PM" Debug="false">
    <Text>HmiConvert: Finished conversion step &lt;Siemens.Simatic.Hmi.BL.ModernUI:Siemens.Simatic.Hmi.BL.ModernUI.Convert.ScreenItemPhaseConverter.AdaptModel&gt;.</Text>
  </Details>
  <Details ServiceId="80" MessageId="30" Timestamp="7/26/2021 6:12:52 PM" Debug="false">
    <Text>HmiConvert: Starting conversion step &lt;Siemens.Simatic.Hmi.Styles.Managers.Scan:Siemens.Simatic.Hmi.Utah.Styles.HmiStyleConverter.ConvertHmiStyleFromV151ToV16&gt;.</Text>
  </Details>
  <Details ServiceId="80" MessageId="30" Timestamp="7/26/2021 6:12:53 PM" Debug="false">
    <Text>HmiConvert: Finished conversion step &lt;Siemens.Simatic.Hmi.Styles.Managers.Scan:Siemens.Simatic.Hmi.Utah.Styles.HmiStyleConverter.ConvertHmiStyleFromV151ToV16&gt;.</Text>
  </Details>
  <Details ServiceId="80" MessageId="30" Timestamp="7/26/2021 6:12:53 PM" Debug="false">
    <Text>HmiConvert: Starting conversion step &lt;Siemens.Simatic.Hmi.BL.ILStyles:Siemens.Simatic.Hmi.BL.ILStyles.Convert.StyleConverter.ConvertStyle&gt;.</Text>
  </Details>
  <Details ServiceId="80" MessageId="30" Timestamp="7/26/2021 6:12:53 PM" Debug="false">
    <Text>HmiConvert: Finished conversion step &lt;Siemens.Simatic.Hmi.BL.ILStyles:Siemens.Simatic.Hmi.BL.ILStyles.Convert.StyleConverter.ConvertStyle&gt;.</Text>
  </Details>
  <Details ServiceId="80" MessageId="30" Timestamp="7/26/2021 6:12:53 PM" Debug="false">
    <Text>HmiConvert: Starting conversion step &lt;Siemens.Simatic.Hmi.Communication.Managers.Scan:Siemens.Simatic.Hmi.Utah.Communication.HmiConnectionAutoRepairer.HmiConnectionAutoRepairs&gt;.</Text>
  </Details>
  <Details ServiceId="80" MessageId="30" Timestamp="7/26/2021 6:12:53 PM" Debug="false">
    <Text>HmiConvert: Finished conversion step &lt;Siemens.Simatic.Hmi.Communication.Managers.Scan:Siemens.Simatic.Hmi.Utah.Communication.HmiConnectionAutoRepairer.HmiConnectionAutoRepairs&gt;.</Text>
  </Details>
  <Details ServiceId="80" MessageId="30" Timestamp="7/26/2021 6:12:53 PM" Debug="false">
    <Text>HmiConvert: Starting conversion step &lt;Siemens.Simatic.Hmi.BL.Scripting.Scan:Siemens.Simatic.Hmi.BL.Scripting.Migrations.ModuleConverter.ModuleRepair&gt;.</Text>
  </Details>
  <Details ServiceId="80" MessageId="30" Timestamp="7/26/2021 6:12:54 PM" Debug="false">
    <Text>HmiConvert: Finished conversion step &lt;Siemens.Simatic.Hmi.BL.Scripting.Scan:Siemens.Simatic.Hmi.BL.Scripting.Migrations.ModuleConverter.ModuleRepair&gt;.</Text>
  </Details>
  <Details ServiceId="80" MessageId="30" Timestamp="7/26/2021 6:12:54 PM" Debug="false">
    <Text>HmiConvert: Starting conversion step &lt;Siemens.Simatic.Hmi.GraphX.GraphXManagers.Scan:Siemens.Simatic.Hmi.Utah.GraphX.ChainedListConverter.ConvertFixScreenChainedList&gt;.</Text>
  </Details>
  <Details ServiceId="80" MessageId="30" Timestamp="7/26/2021 6:12:54 PM" Debug="false">
    <Text>HmiConvert: Finished conversion step &lt;Siemens.Simatic.Hmi.GraphX.GraphXManagers.Scan:Siemens.Simatic.Hmi.Utah.GraphX.ChainedListConverter.ConvertFixScreenChainedList&gt;.</Text>
  </Details>
  <Details ServiceId="80" MessageId="30" Timestamp="7/26/2021 6:12:54 PM" Debug="false">
    <Text>HmiConvert: Starting conversion step &lt;Siemens.Simatic.Hmi.GraphX.GraphXManagers.Scan:Siemens.Simatic.Hmi.Utah.GraphX.PhaseConverter.RepairPointsCollectionOfScreenItems&gt;.</Text>
  </Details>
  <Details ServiceId="80" MessageId="30" Timestamp="7/26/2021 6:12:54 PM" Debug="false">
    <Text>HmiConvert: Finished conversion step &lt;Siemens.Simatic.Hmi.GraphX.GraphXManagers.Scan:Siemens.Simatic.Hmi.Utah.GraphX.PhaseConverter.RepairPointsCollectionOfScreenItems&gt;.</Text>
  </Details>
  <Details ServiceId="80" MessageId="30" Timestamp="7/26/2021 6:12:54 PM" Debug="false">
    <Text>HmiConvert: Starting conversion step &lt;Siemens.Automation.Simatic.CPM.HMI:Siemens.Simatic.Hmi.BL.Cpm.Convert.V151ToV16.PlantModelConverter.ConvertPlantModel&gt;.</Text>
  </Details>
  <Details ServiceId="80" MessageId="30" Timestamp="7/26/2021 6:12:54 PM" Debug="false">
    <Text>HmiConvert: Finished conversion step &lt;Siemens.Automation.Simatic.CPM.HMI:Siemens.Simatic.Hmi.BL.Cpm.Convert.V151ToV16.PlantModelConverter.ConvertPlantModel&gt;.</Text>
  </Details>
  <Details ServiceId="80" MessageId="30" Timestamp="7/26/2021 6:12:54 PM" Debug="false">
    <Text>HmiConvert: Starting conversion step &lt;Siemens.Simatic.Hmi.RuntimeIT.Managers.Scan:Siemens.Simatic.Hmi.Utah.RTSecurity.Upgrade.HmiRtSecurityRepair.RepairRtUserPasswordHash&gt;.</Text>
  </Details>
  <Details ServiceId="80" MessageId="30" Timestamp="7/26/2021 6:12:55 PM" Debug="false">
    <Text>HmiConvert: Finished conversion step &lt;Siemens.Simatic.Hmi.RuntimeIT.Managers.Scan:Siemens.Simatic.Hmi.Utah.RTSecurity.Upgrade.HmiRtSecurityRepair.RepairRtUserPasswordHash&gt;.</Text>
  </Details>
  <Details ServiceId="80" MessageId="30" Timestamp="7/26/2021 6:12:55 PM" Debug="false">
    <Text>HmiConvert: Starting conversion step &lt;Siemens.Simatic.Hmi.Globalization.Managers.Scan:Siemens.Simatic.Hmi.Utah.Globalization.TextRepairForConvert.TextsRepairInHmiBusinessLogicLevel&gt;.</Text>
  </Details>
  <Details ServiceId="80" MessageId="30" Timestamp="7/26/2021 6:12:56 PM" Debug="false">
    <Text>HmiConvert: Finished conversion step &lt;Siemens.Simatic.Hmi.Globalization.Managers.Scan:Siemens.Simatic.Hmi.Utah.Globalization.TextRepairForConvert.TextsRepairInHmiBusinessLogicLevel&gt;.</Text>
  </Details>
  <Details ServiceId="80" MessageId="30" Timestamp="7/26/2021 6:12:56 PM" Debug="false">
    <Text>HmiConvert is waiting for external dependency: Siemens.Simatic.Lang.SPLConvert</Text>
  </Details>
  <MessageCell ServiceId="80" MessageId="30" MessageClass="Warning" Timestamp="7/26/2021 6:13:06 PM">
    <Number ServiceNumber="80" MessageNumber="30" />
    <Text FeedbackText="Project element: '\Server-1\ProgramBlocksFolder\Main' - Checksum inconsistency for 'General; Event'." />
    <Help HelpId="-1" />
  </MessageCell>
  <MessageCell ServiceId="80" MessageId="30" MessageClass="Warning" Timestamp="7/26/2021 6:13:06 PM">
    <Number ServiceNumber="80" MessageNumber="30" />
    <Text FeedbackText="Project element: '\Clint-1\ProgramBlocksFolder\Main' - Checksum inconsistency for 'General; Event'." />
    <Help HelpId="-1" />
  </MessageCell>
  <MessageCell ServiceId="80" MessageId="30" MessageClass="Warning" Timestamp="7/26/2021 6:13:07 PM">
    <Number ServiceNumber="80" MessageNumber="30" />
    <Text FeedbackText="Project element: '\Clint-1\ProgramBlocksFolder\Clint' - Checksum inconsistency for 'General'." />
    <Help HelpId="-1" />
  </MessageCell>
  <MessageCell ServiceId="80" MessageId="30" MessageClass="Warning" Timestamp="7/26/2021 6:13:07 PM">
    <Number ServiceNumber="80" MessageNumber="30" />
    <Text FeedbackText="Project element: '\Server-3\ProgramBlocksFolder\Main' - Checksum inconsistency for 'General; Event'." />
    <Help HelpId="-1" />
  </MessageCell>
  <MessageCell ServiceId="80" MessageId="30" MessageClass="Warning" Timestamp="7/26/2021 6:13:07 PM">
    <Number ServiceNumber="80" MessageNumber="30" />
    <Text FeedbackText="Project element: '\Server-3\ProgramBlocksFolder\Modbus_server' - Checksum inconsistency for 'General'." />
    <Help HelpId="-1" />
  </MessageCell>
  <MessageCell ServiceId="80" MessageId="30" MessageClass="Warning" Timestamp="7/26/2021 6:13:07 PM">
    <Number ServiceNumber="80" MessageNumber="30" />
    <Text FeedbackText="Project element: '\Server-2\ProgramBlocksFolder\Modbus_server' - Checksum inconsistency for 'General'." />
    <Help HelpId="-1" />
  </MessageCell>
  <MessageCell ServiceId="80" MessageId="30" MessageClass="Warning" Timestamp="7/26/2021 6:13:07 PM">
    <Number ServiceNumber="80" MessageNumber="30" />
    <Text FeedbackText="Project element: '\Server-1\ProgramBlocksFolder\Modbus_server' - Checksum inconsistency for 'General'." />
    <Help HelpId="-1" />
  </MessageCell>
  <MessageCell ServiceId="80" MessageId="30" MessageClass="Warning" Timestamp="7/26/2021 6:13:07 PM">
    <Number ServiceNumber="80" MessageNumber="30" />
    <Text FeedbackText="Project element: '\Server-2\ProgramBlocksFolder\Main' - Checksum inconsistency for 'General; Event'." />
    <Help HelpId="-1" />
  </MessageCell>
  <MessageCell ServiceId="80" MessageId="30" MessageClass="Warning" Timestamp="7/26/2021 6:13:07 PM">
    <Number ServiceNumber="80" MessageNumber="30" />
    <Text FeedbackText="Project element: '\Clint-1\ProgramBlocksFolder\Clintdata' - Checksum inconsistency for 'General'." />
    <Help HelpId="-1" />
  </MessageCell>
  <MessageCell ServiceId="80" MessageId="30" MessageClass="Warning" Timestamp="7/26/2021 6:13:07 PM">
    <Number ServiceNumber="80" MessageNumber="30" />
    <Text FeedbackText="Project element: '\Clint-1\ProgramBlocksFolder\SystemBlocksFolder\ProgramResourcesFolder\MB_CLIENT_DB' - Checksum inconsistency for 'General'." />
    <Help HelpId="-1" />
  </MessageCell>
  <MessageCell ServiceId="80" MessageId="30" MessageClass="Warning" Timestamp="7/26/2021 6:13:07 PM">
    <Number ServiceNumber="80" MessageNumber="30" />
    <Text FeedbackText="Project element: '\Clint-1\ProgramBlocksFolder\SystemBlocksFolder\ProgramResourcesFolder\MB_CLIENT_DB_1' - Checksum inconsistency for 'General'." />
    <Help HelpId="-1" />
  </MessageCell>
  <MessageCell ServiceId="80" MessageId="30" MessageClass="Warning" Timestamp="7/26/2021 6:13:07 PM">
    <Number ServiceNumber="80" MessageNumber="30" />
    <Text FeedbackText="Project element: '\Clint-1\ProgramBlocksFolder\SystemBlocksFolder\ProgramResourcesFolder\MB_CLIENT_DB_2' - Checksum inconsistency for 'General'." />
    <Help HelpId="-1" />
  </MessageCell>
  <MessageCell ServiceId="80" MessageId="30" MessageClass="Warning" Timestamp="7/26/2021 6:13:07 PM">
    <Number ServiceNumber="80" MessageNumber="30" />
    <Text FeedbackText="Project element: '\Clint-1\ProgramBlocksFolder\SystemBlocksFolder\ProgramResourcesFolder\MB_CLIENT_DB_3' - Checksum inconsistency for 'General'." />
    <Help HelpId="-1" />
  </MessageCell>
  <MessageCell ServiceId="80" MessageId="30" MessageClass="Warning" Timestamp="7/26/2021 6:13:07 PM">
    <Number ServiceNumber="80" MessageNumber="30" />
    <Text FeedbackText="Project element: '\Clint-1\ProgramBlocksFolder\SystemBlocksFolder\ProgramResourcesFolder\MB_CLIENT_DB_4' - Checksum inconsistency for 'General'." />
    <Help HelpId="-1" />
  </MessageCell>
  <MessageCell ServiceId="80" MessageId="30" MessageClass="Warning" Timestamp="7/26/2021 6:13:07 PM">
    <Number ServiceNumber="80" MessageNumber="30" />
    <Text FeedbackText="Project element: '\Clint-1\ProgramBlocksFolder\SystemBlocksFolder\ProgramResourcesFolder\MB_CLIENT_DB_5' - Checksum inconsistency for 'General'." />
    <Help HelpId="-1" />
  </MessageCell>
  <MessageCell ServiceId="80" MessageId="30" MessageClass="Warning" Timestamp="7/26/2021 6:13:07 PM">
    <Number ServiceNumber="80" MessageNumber="30" />
    <Text FeedbackText="Project element: '\Clint-1\ProgramBlocksFolder\SystemBlocksFolder\ProgramResourcesFolder\MB_CLIENT_DB_6' - Checksum inconsistency for 'General'." />
    <Help HelpId="-1" />
  </MessageCell>
  <MessageCell ServiceId="80" MessageId="30" MessageClass="Warning" Timestamp="7/26/2021 6:13:07 PM">
    <Number ServiceNumber="80" MessageNumber="30" />
    <Text FeedbackText="Project element: '\Clint-1\ProgramBlocksFolder\SystemBlocksFolder\ProgramResourcesFolder\MB_CLIENT_DB_7' - Checksum inconsistency for 'General'." />
    <Help HelpId="-1" />
  </MessageCell>
  <MessageCell ServiceId="80" MessageId="30" MessageClass="Warning" Timestamp="7/26/2021 6:13:07 PM">
    <Number ServiceNumber="80" MessageNumber="30" />
    <Text FeedbackText="Project element: '\Clint-1\ProgramBlocksFolder\SystemBlocksFolder\ProgramResourcesFolder\MB_CLIENT_DB_8' - Checksum inconsistency for 'General'." />
    <Help HelpId="-1" />
  </MessageCell>
  <MessageCell ServiceId="80" MessageId="30" MessageClass="Warning" Timestamp="7/26/2021 6:13:07 PM">
    <Number ServiceNumber="80" MessageNumber="30" />
    <Text FeedbackText="Project element: '\Clint-1\ProgramBlocksFolder\SystemBlocksFolder\ProgramResourcesFolder\MB_CLIENT_DB_9' - Checksum inconsistency for 'General'." />
    <Help HelpId="-1" />
  </MessageCell>
  <MessageCell ServiceId="80" MessageId="30" MessageClass="Warning" Timestamp="7/26/2021 6:13:07 PM">
    <Number ServiceNumber="80" MessageNumber="30" />
    <Text FeedbackText="Project element: '\Clint-1\ProgramBlocksFolder\SystemBlocksFolder\ProgramResourcesFolder\MB_CLIENT_DB_10' - Checksum inconsistency for 'General'." />
    <Help HelpId="-1" />
  </MessageCell>
  <MessageCell ServiceId="80" MessageId="30" MessageClass="Warning" Timestamp="7/26/2021 6:13:07 PM">
    <Number ServiceNumber="80" MessageNumber="30" />
    <Text FeedbackText="Project element: '\Clint-1\ProgramBlocksFolder\SystemBlocksFolder\ProgramResourcesFolder\MB_CLIENT_DB_11' - Checksum inconsistency for 'General'." />
    <Help HelpId="-1" />
  </MessageCell>
  <MessageCell ServiceId="80" MessageId="30" MessageClass="Warning" Timestamp="7/26/2021 6:13:07 PM">
    <Number ServiceNumber="80" MessageNumber="30" />
    <Text FeedbackText="Project element: '\Clint-1\ProgramBlocksFolder\SystemBlocksFolder\ProgramResourcesFolder\MB_CLIENT_DB_12' - Checksum inconsistency for 'General'." />
    <Help HelpId="-1" />
  </MessageCell>
  <MessageCell ServiceId="80" MessageId="30" MessageClass="Warning" Timestamp="7/26/2021 6:13:07 PM">
    <Number ServiceNumber="80" MessageNumber="30" />
    <Text FeedbackText="Project element: '\Clint-1\ProgramBlocksFolder\SystemBlocksFolder\ProgramResourcesFolder\MB_CLIENT_DB_13' - Checksum inconsistency for 'General'." />
    <Help HelpId="-1" />
  </MessageCell>
  <MessageCell ServiceId="80" MessageId="30" MessageClass="Warning" Timestamp="7/26/2021 6:13:08 PM">
    <Number ServiceNumber="80" MessageNumber="30" />
    <Text FeedbackText="Project element: '\Clint-1\ProgramBlocksFolder\SystemBlocksFolder\ProgramResourcesFolder\MB_CLIENT_DB_14' - Checksum inconsistency for 'General'." />
    <Help HelpId="-1" />
  </MessageCell>
  <MessageCell ServiceId="80" MessageId="30" MessageClass="Warning" Timestamp="7/26/2021 6:13:08 PM">
    <Number ServiceNumber="80" MessageNumber="30" />
    <Text FeedbackText="Project element: '\Clint-1\ProgramBlocksFolder\SystemBlocksFolder\ProgramResourcesFolder\MB_CLIENT_DB_15' - Checksum inconsistency for 'General'." />
    <Help HelpId="-1" />
  </MessageCell>
  <MessageCell ServiceId="80" MessageId="30" MessageClass="Warning" Timestamp="7/26/2021 6:13:08 PM">
    <Number ServiceNumber="80" MessageNumber="30" />
    <Text FeedbackText="Project element: '\Clint-1\ProgramBlocksFolder\SystemBlocksFolder\ProgramResourcesFolder\MB_CLIENT_DB_16' - Checksum inconsistency for 'General'." />
    <Help HelpId="-1" />
  </MessageCell>
  <MessageCell ServiceId="80" MessageId="30" MessageClass="Warning" Timestamp="7/26/2021 6:13:08 PM">
    <Number ServiceNumber="80" MessageNumber="30" />
    <Text FeedbackText="Project element: '\Clint-1\ProgramBlocksFolder\SystemBlocksFolder\ProgramResourcesFolder\MB_CLIENT_DB_17' - Checksum inconsistency for 'General'." />
    <Help HelpId="-1" />
  </MessageCell>
  <MessageCell ServiceId="80" MessageId="30" MessageClass="Warning" Timestamp="7/26/2021 6:13:08 PM">
    <Number ServiceNumber="80" MessageNumber="30" />
    <Text FeedbackText="Project element: '\Clint-1\ProgramBlocksFolder\SystemBlocksFolder\ProgramResourcesFolder\MB_CLIENT_DB_18' - Checksum inconsistency for 'General'." />
    <Help HelpId="-1" />
  </MessageCell>
  <MessageCell ServiceId="80" MessageId="30" MessageClass="Warning" Timestamp="7/26/2021 6:13:08 PM">
    <Number ServiceNumber="80" MessageNumber="30" />
    <Text FeedbackText="Project element: '\Clint-1\ProgramBlocksFolder\SystemBlocksFolder\ProgramResourcesFolder\MB_CLIENT_DB_19' - Checksum inconsistency for 'General'." />
    <Help HelpId="-1" />
  </MessageCell>
  <MessageCell ServiceId="80" MessageId="30" MessageClass="Warning" Timestamp="7/26/2021 6:13:08 PM">
    <Number ServiceNumber="80" MessageNumber="30" />
    <Text FeedbackText="Project element: '\Clint-1\ProgramBlocksFolder\SystemBlocksFolder\ProgramResourcesFolder\MB_CLIENT_DB_20' - Checksum inconsistency for 'General'." />
    <Help HelpId="-1" />
  </MessageCell>
  <MessageCell ServiceId="80" MessageId="30" MessageClass="Warning" Timestamp="7/26/2021 6:13:08 PM">
    <Number ServiceNumber="80" MessageNumber="30" />
    <Text FeedbackText="Project element: '\Clint-1\ProgramBlocksFolder\SystemBlocksFolder\ProgramResourcesFolder\MB_CLIENT_DB_21' - Checksum inconsistency for 'General'." />
    <Help HelpId="-1" />
  </MessageCell>
  <MessageCell ServiceId="80" MessageId="30" MessageClass="Warning" Timestamp="7/26/2021 6:13:08 PM">
    <Number ServiceNumber="80" MessageNumber="30" />
    <Text FeedbackText="Project element: '\Clint-1\ProgramBlocksFolder\SystemBlocksFolder\ProgramResourcesFolder\MB_CLIENT_DB_22' - Checksum inconsistency for 'General'." />
    <Help HelpId="-1" />
  </MessageCell>
  <MessageCell ServiceId="80" MessageId="30" MessageClass="Warning" Timestamp="7/26/2021 6:13:08 PM">
    <Number ServiceNumber="80" MessageNumber="30" />
    <Text FeedbackText="Project element: '\Clint-1\ProgramBlocksFolder\data' - Checksum inconsistency for 'General'." />
    <Help HelpId="-1" />
  </MessageCell>
  <MessageCell ServiceId="80" MessageId="30" MessageClass="Warning" Timestamp="7/26/2021 6:13:08 PM">
    <Number ServiceNumber="80" MessageNumber="30" />
    <Text FeedbackText="Project element: '\Clint-1\ProgramBlocksFolder\SystemBlocksFolder\ProgramResourcesFolder\MB_CLIENT_DB_24' - Checksum inconsistency for 'General'." />
    <Help HelpId="-1" />
  </MessageCell>
  <MessageCell ServiceId="80" MessageId="30" MessageClass="Warning" Timestamp="7/26/2021 6:13:08 PM">
    <Number ServiceNumber="80" MessageNumber="30" />
    <Text FeedbackText="Project element: '\Clint-1\ProgramBlocksFolder\SystemBlocksFolder\ProgramResourcesFolder\IEC_Timer_0_DB' - Checksum inconsistency for 'General'." />
    <Help HelpId="-1" />
  </MessageCell>
  <MessageCell ServiceId="80" MessageId="30" MessageClass="Warning" Timestamp="7/26/2021 6:13:08 PM">
    <Number ServiceNumber="80" MessageNumber="30" />
    <Text FeedbackText="Project element: '\Clint-1\ProgramBlocksFolder\SystemBlocksFolder\ProgramResourcesFolder\IEC_Timer_0_DB_1' - Checksum inconsistency for 'General'." />
    <Help HelpId="-1" />
  </MessageCell>
  <MessageCell ServiceId="80" MessageId="30" MessageClass="Warning" Timestamp="7/26/2021 6:13:08 PM">
    <Number ServiceNumber="80" MessageNumber="30" />
    <Text FeedbackText="Project element: '\Clint-1\ProgramBlocksFolder\SystemBlocksFolder\ProgramResourcesFolder\IEC_Timer_0_DB_2' - Checksum inconsistency for 'General'." />
    <Help HelpId="-1" />
  </MessageCell>
  <MessageCell ServiceId="80" MessageId="30" MessageClass="Warning" Timestamp="7/26/2021 6:13:08 PM">
    <Number ServiceNumber="80" MessageNumber="30" />
    <Text FeedbackText="Project element: '\Server-1\ProgramBlocksFolder\Modbus_database' - Checksum inconsistency for 'General'." />
    <Help HelpId="-1" />
  </MessageCell>
  <MessageCell ServiceId="80" MessageId="30" MessageClass="Warning" Timestamp="7/26/2021 6:13:08 PM">
    <Number ServiceNumber="80" MessageNumber="30" />
    <Text FeedbackText="Project element: '\Server-1\ProgramBlocksFolder\SystemBlocksFolder\ProgramResourcesFolder\MB_SERVER_DB' - Checksum inconsistency for 'General'." />
    <Help HelpId="-1" />
  </MessageCell>
  <MessageCell ServiceId="80" MessageId="30" MessageClass="Warning" Timestamp="7/26/2021 6:13:08 PM">
    <Number ServiceNumber="80" MessageNumber="30" />
    <Text FeedbackText="Project element: '\Server-1\ProgramBlocksFolder\SystemBlocksFolder\ProgramResourcesFolder\MB_SERVER_DB_1' - Checksum inconsistency for 'General'." />
    <Help HelpId="-1" />
  </MessageCell>
  <MessageCell ServiceId="80" MessageId="30" MessageClass="Warning" Timestamp="7/26/2021 6:13:08 PM">
    <Number ServiceNumber="80" MessageNumber="30" />
    <Text FeedbackText="Project element: '\Server-1\ProgramBlocksFolder\SystemBlocksFolder\ProgramResourcesFolder\MB_SERVER_DB_2' - Checksum inconsistency for 'General'." />
    <Help HelpId="-1" />
  </MessageCell>
  <MessageCell ServiceId="80" MessageId="30" MessageClass="Warning" Timestamp="7/26/2021 6:13:08 PM">
    <Number ServiceNumber="80" MessageNumber="30" />
    <Text FeedbackText="Project element: '\Server-1\ProgramBlocksFolder\SystemBlocksFolder\ProgramResourcesFolder\MB_SERVER_DB_3' - Checksum inconsistency for 'General'." />
    <Help HelpId="-1" />
  </MessageCell>
  <MessageCell ServiceId="80" MessageId="30" MessageClass="Warning" Timestamp="7/26/2021 6:13:08 PM">
    <Number ServiceNumber="80" MessageNumber="30" />
    <Text FeedbackText="Project element: '\Server-1\ProgramBlocksFolder\SystemBlocksFolder\ProgramResourcesFolder\MB_SERVER_DB_4' - Checksum inconsistency for 'General'." />
    <Help HelpId="-1" />
  </MessageCell>
  <MessageCell ServiceId="80" MessageId="30" MessageClass="Warning" Timestamp="7/26/2021 6:13:08 PM">
    <Number ServiceNumber="80" MessageNumber="30" />
    <Text FeedbackText="Project element: '\Server-1\ProgramBlocksFolder\SystemBlocksFolder\ProgramResourcesFolder\MB_SERVER_DB_5' - Checksum inconsistency for 'General'." />
    <Help HelpId="-1" />
  </MessageCell>
  <MessageCell ServiceId="80" MessageId="30" MessageClass="Warning" Timestamp="7/26/2021 6:13:08 PM">
    <Number ServiceNumber="80" MessageNumber="30" />
    <Text FeedbackText="Project element: '\Server-1\ProgramBlocksFolder\SystemBlocksFolder\ProgramResourcesFolder\MB_SERVER_DB_6' - Checksum inconsistency for 'General'." />
    <Help HelpId="-1" />
  </MessageCell>
  <MessageCell ServiceId="80" MessageId="30" MessageClass="Warning" Timestamp="7/26/2021 6:13:08 PM">
    <Number ServiceNumber="80" MessageNumber="30" />
    <Text FeedbackText="Project element: '\Server-1\ProgramBlocksFolder\SystemBlocksFolder\ProgramResourcesFolder\MB_SERVER_DB_7' - Checksum inconsistency for 'General'." />
    <Help HelpId="-1" />
  </MessageCell>
  <MessageCell ServiceId="80" MessageId="30" MessageClass="Warning" Timestamp="7/26/2021 6:13:08 PM">
    <Number ServiceNumber="80" MessageNumber="30" />
    <Text FeedbackText="Project element: '\Server-2\ProgramBlocksFolder\Modbus_database' - Checksum inconsistency for 'General'." />
    <Help HelpId="-1" />
  </MessageCell>
  <MessageCell ServiceId="80" MessageId="30" MessageClass="Warning" Timestamp="7/26/2021 6:13:08 PM">
    <Number ServiceNumber="80" MessageNumber="30" />
    <Text FeedbackText="Project element: '\Server-2\ProgramBlocksFolder\SystemBlocksFolder\ProgramResourcesFolder\MB_SERVER_DB' - Checksum inconsistency for 'General'." />
    <Help HelpId="-1" />
  </MessageCell>
  <MessageCell ServiceId="80" MessageId="30" MessageClass="Warning" Timestamp="7/26/2021 6:13:08 PM">
    <Number ServiceNumber="80" MessageNumber="30" />
    <Text FeedbackText="Project element: '\Server-2\ProgramBlocksFolder\SystemBlocksFolder\ProgramResourcesFolder\MB_SERVER_DB_1' - Checksum inconsistency for 'General'." />
    <Help HelpId="-1" />
  </MessageCell>
  <MessageCell ServiceId="80" MessageId="30" MessageClass="Warning" Timestamp="7/26/2021 6:13:08 PM">
    <Number ServiceNumber="80" MessageNumber="30" />
    <Text FeedbackText="Project element: '\Server-2\ProgramBlocksFolder\SystemBlocksFolder\ProgramResourcesFolder\MB_SERVER_DB_2' - Checksum inconsistency for 'General'." />
    <Help HelpId="-1" />
  </MessageCell>
  <MessageCell ServiceId="80" MessageId="30" MessageClass="Warning" Timestamp="7/26/2021 6:13:08 PM">
    <Number ServiceNumber="80" MessageNumber="30" />
    <Text FeedbackText="Project element: '\Server-2\ProgramBlocksFolder\SystemBlocksFolder\ProgramResourcesFolder\MB_SERVER_DB_3' - Checksum inconsistency for 'General'." />
    <Help HelpId="-1" />
  </MessageCell>
  <MessageCell ServiceId="80" MessageId="30" MessageClass="Warning" Timestamp="7/26/2021 6:13:08 PM">
    <Number ServiceNumber="80" MessageNumber="30" />
    <Text FeedbackText="Project element: '\Server-2\ProgramBlocksFolder\SystemBlocksFolder\ProgramResourcesFolder\MB_SERVER_DB_4' - Checksum inconsistency for 'General'." />
    <Help HelpId="-1" />
  </MessageCell>
  <MessageCell ServiceId="80" MessageId="30" MessageClass="Warning" Timestamp="7/26/2021 6:13:08 PM">
    <Number ServiceNumber="80" MessageNumber="30" />
    <Text FeedbackText="Project element: '\Server-2\ProgramBlocksFolder\SystemBlocksFolder\ProgramResourcesFolder\MB_SERVER_DB_5' - Checksum inconsistency for 'General'." />
    <Help HelpId="-1" />
  </MessageCell>
  <MessageCell ServiceId="80" MessageId="30" MessageClass="Warning" Timestamp="7/26/2021 6:13:08 PM">
    <Number ServiceNumber="80" MessageNumber="30" />
    <Text FeedbackText="Project element: '\Server-2\ProgramBlocksFolder\SystemBlocksFolder\ProgramResourcesFolder\MB_SERVER_DB_6' - Checksum inconsistency for 'General'." />
    <Help HelpId="-1" />
  </MessageCell>
  <MessageCell ServiceId="80" MessageId="30" MessageClass="Warning" Timestamp="7/26/2021 6:13:08 PM">
    <Number ServiceNumber="80" MessageNumber="30" />
    <Text FeedbackText="Project element: '\Server-2\ProgramBlocksFolder\SystemBlocksFolder\ProgramResourcesFolder\MB_SERVER_DB_7' - Checksum inconsistency for 'General'." />
    <Help HelpId="-1" />
  </MessageCell>
  <MessageCell ServiceId="80" MessageId="30" MessageClass="Warning" Timestamp="7/26/2021 6:13:08 PM">
    <Number ServiceNumber="80" MessageNumber="30" />
    <Text FeedbackText="Project element: '\Server-3\ProgramBlocksFolder\Modbus_database' - Checksum inconsistency for 'General'." />
    <Help HelpId="-1" />
  </MessageCell>
  <MessageCell ServiceId="80" MessageId="30" MessageClass="Warning" Timestamp="7/26/2021 6:13:08 PM">
    <Number ServiceNumber="80" MessageNumber="30" />
    <Text FeedbackText="Project element: '\Server-3\ProgramBlocksFolder\SystemBlocksFolder\ProgramResourcesFolder\MB_SERVER_DB' - Checksum inconsistency for 'General'." />
    <Help HelpId="-1" />
  </MessageCell>
  <MessageCell ServiceId="80" MessageId="30" MessageClass="Warning" Timestamp="7/26/2021 6:13:08 PM">
    <Number ServiceNumber="80" MessageNumber="30" />
    <Text FeedbackText="Project element: '\Server-3\ProgramBlocksFolder\SystemBlocksFolder\ProgramResourcesFolder\MB_SERVER_DB_1' - Checksum inconsistency for 'General'." />
    <Help HelpId="-1" />
  </MessageCell>
  <MessageCell ServiceId="80" MessageId="30" MessageClass="Warning" Timestamp="7/26/2021 6:13:08 PM">
    <Number ServiceNumber="80" MessageNumber="30" />
    <Text FeedbackText="Project element: '\Server-3\ProgramBlocksFolder\SystemBlocksFolder\ProgramResourcesFolder\MB_SERVER_DB_2' - Checksum inconsistency for 'General'." />
    <Help HelpId="-1" />
  </MessageCell>
  <MessageCell ServiceId="80" MessageId="30" MessageClass="Warning" Timestamp="7/26/2021 6:13:08 PM">
    <Number ServiceNumber="80" MessageNumber="30" />
    <Text FeedbackText="Project element: '\Server-3\ProgramBlocksFolder\SystemBlocksFolder\ProgramResourcesFolder\MB_SERVER_DB_3' - Checksum inconsistency for 'General'." />
    <Help HelpId="-1" />
  </MessageCell>
  <MessageCell ServiceId="80" MessageId="30" MessageClass="Warning" Timestamp="7/26/2021 6:13:08 PM">
    <Number ServiceNumber="80" MessageNumber="30" />
    <Text FeedbackText="Project element: '\Server-3\ProgramBlocksFolder\SystemBlocksFolder\ProgramResourcesFolder\MB_SERVER_DB_4' - Checksum inconsistency for 'General'." />
    <Help HelpId="-1" />
  </MessageCell>
  <MessageCell ServiceId="80" MessageId="30" MessageClass="Warning" Timestamp="7/26/2021 6:13:08 PM">
    <Number ServiceNumber="80" MessageNumber="30" />
    <Text FeedbackText="Project element: '\Server-3\ProgramBlocksFolder\SystemBlocksFolder\ProgramResourcesFolder\MB_SERVER_DB_5' - Checksum inconsistency for 'General'." />
    <Help HelpId="-1" />
  </MessageCell>
  <MessageCell ServiceId="80" MessageId="30" MessageClass="Warning" Timestamp="7/26/2021 6:13:08 PM">
    <Number ServiceNumber="80" MessageNumber="30" />
    <Text FeedbackText="Project element: '\Server-3\ProgramBlocksFolder\SystemBlocksFolder\ProgramResourcesFolder\MB_SERVER_DB_6' - Checksum inconsistency for 'General'." />
    <Help HelpId="-1" />
  </MessageCell>
  <MessageCell ServiceId="80" MessageId="30" MessageClass="Warning" Timestamp="7/26/2021 6:13:08 PM">
    <Number ServiceNumber="80" MessageNumber="30" />
    <Text FeedbackText="Project element: '\Server-3\ProgramBlocksFolder\SystemBlocksFolder\ProgramResourcesFolder\MB_SERVER_DB_7' - Checksum inconsistency for 'General'." />
    <Help HelpId="-1" />
  </MessageCell>
  <Details ServiceId="80" MessageId="30" Timestamp="7/26/2021 6:13:09 PM" Debug="false">
    <Text>HmiConvert: Started conversion section.</Text>
  </Details>
  <Details ServiceId="80" MessageId="30" Timestamp="7/26/2021 6:13:09 PM" Debug="false">
    <Text>HmiConvert: Starting conversion step &lt;Siemens.Simatic.Hmi.Tag.Managers.Scan:Siemens.Simatic.Hmi.Utah.Tag.RootTagConvertSynchronization.ResynchronizeRootTag&gt;.</Text>
  </Details>
  <Details ServiceId="80" MessageId="30" Timestamp="7/26/2021 6:13:09 PM" Debug="false">
    <Text>HmiConvert: Finished conversion step &lt;Siemens.Simatic.Hmi.Tag.Managers.Scan:Siemens.Simatic.Hmi.Utah.Tag.RootTagConvertSynchronization.ResynchronizeRootTag&gt;.</Text>
  </Details>
  <Details ServiceId="80" MessageId="30" Timestamp="7/26/2021 6:13:09 PM" Debug="false">
    <Text>HmiConvert: Starting conversion step &lt;Siemens.Simatic.Hmi.Alarm.Managers.Scan:Siemens.Simatic.Hmi.Utah.Alarm.AlarmDataConverterWithHmiBl.ConvertExistingUserDefinedCommonAndSystemAlarmClasses&gt;.</Text>
  </Details>
  <Details ServiceId="80" MessageId="30" Timestamp="7/26/2021 6:13:09 PM" Debug="false">
    <Text>HmiConvert: Finished conversion step &lt;Siemens.Simatic.Hmi.Alarm.Managers.Scan:Siemens.Simatic.Hmi.Utah.Alarm.AlarmDataConverterWithHmiBl.ConvertExistingUserDefinedCommonAndSystemAlarmClasses&gt;.</Text>
  </Details>
  <Details ServiceId="80" MessageId="30" Timestamp="7/26/2021 6:13:09 PM" Debug="false">
    <Text>HmiConvert: Starting conversion step &lt;Siemens.Simatic.Hmi.BL.Logging.Scan:Siemens.Simatic.Hmi.BL.Logging.Convert.LogConverter.Convert&gt;.</Text>
  </Details>
  <Details ServiceId="80" MessageId="30" Timestamp="7/26/2021 6:13:09 PM" Debug="false">
    <Text>HmiConvert: Finished conversion step &lt;Siemens.Simatic.Hmi.BL.Logging.Scan:Siemens.Simatic.Hmi.BL.Logging.Convert.LogConverter.Convert&gt;.</Text>
  </Details>
  <Details ServiceId="80" MessageId="30" Timestamp="7/26/2021 6:13:09 PM" Debug="false">
    <Text>HmiConvert: Starting conversion step &lt;Siemens.Simatic.Hmi.BL.Scripting.Scan:Siemens.Simatic.Hmi.BL.Scripting.Migrations.ScriptReferenceBLConverter.ResolveScriptReferencesDuringConvert&gt;.</Text>
  </Details>
  <Details ServiceId="80" MessageId="30" Timestamp="7/26/2021 6:13:09 PM" Debug="false">
    <Text>HmiConvert: Finished conversion step &lt;Siemens.Simatic.Hmi.BL.Scripting.Scan:Siemens.Simatic.Hmi.BL.Scripting.Migrations.ScriptReferenceBLConverter.ResolveScriptReferencesDuringConvert&gt;.</Text>
  </Details>
  <Details ServiceId="80" MessageId="30" Timestamp="7/26/2021 6:13:09 PM" Debug="false">
    <Text>HmiConvert: Starting conversion step &lt;Siemens.Simatic.Hmi.Communication.Managers.Scan:Siemens.Simatic.Hmi.Utah.Communication.ConnectionPropertiesRelatedToAlarmConverter.ConvertAlarmPropertiesForConnectionInUpgrade&gt;.</Text>
  </Details>
  <Details ServiceId="80" MessageId="30" Timestamp="7/26/2021 6:13:09 PM" Debug="false">
    <Text>HmiConvert: Finished conversion step &lt;Siemens.Simatic.Hmi.Communication.Managers.Scan:Siemens.Simatic.Hmi.Utah.Communication.ConnectionPropertiesRelatedToAlarmConverter.ConvertAlarmPropertiesForConnectionInUpgrade&gt;.</Text>
  </Details>
  <Details ServiceId="80" MessageId="30" Timestamp="7/26/2021 6:13:09 PM" Debug="false">
    <Text>HmiConvert: Starting conversion step &lt;Siemens.Simatic.Hmi.Communication.Managers.Scan:Siemens.Simatic.Hmi.Utah.Communication.ConvertV16.ConnectionPasswordConverter.AddPasswordToProtocolValues&gt;.</Text>
  </Details>
  <Details ServiceId="80" MessageId="30" Timestamp="7/26/2021 6:13:09 PM" Debug="false">
    <Text>HmiConvert: Finished conversion step &lt;Siemens.Simatic.Hmi.Communication.Managers.Scan:Siemens.Simatic.Hmi.Utah.Communication.ConvertV16.ConnectionPasswordConverter.AddPasswordToProtocolValues&gt;.</Text>
  </Details>
  <Details ServiceId="80" MessageId="30" Timestamp="7/26/2021 6:13:09 PM" Debug="false">
    <Text>HmiConvert: Starting conversion step &lt;Siemens.Simatic.Hmi.Alarm.Managers.Scan:Siemens.Simatic.Hmi.Utah.Alarm.AlarmDataConverterWithHmiBl.ConvertTagBitCombinationForILDevices&gt;.</Text>
  </Details>
  <Details ServiceId="80" MessageId="30" Timestamp="7/26/2021 6:13:09 PM" Debug="false">
    <Text>HmiConvert: Finished conversion step &lt;Siemens.Simatic.Hmi.Alarm.Managers.Scan:Siemens.Simatic.Hmi.Utah.Alarm.AlarmDataConverterWithHmiBl.ConvertTagBitCombinationForILDevices&gt;.</Text>
  </Details>
  <Details ServiceId="80" MessageId="30" Timestamp="7/26/2021 6:13:09 PM" Debug="false">
    <Text>HmiConvert: Finished conversion section.</Text>
  </Details>
  <MessageCell ServiceId="80" MessageId="30" MessageClass="Information" Timestamp="7/26/2021 6:13:12 PM">
    <Number ServiceNumber="80" MessageNumber="30" />
    <Text FeedbackText="The cross-reference information is being converted." />
    <Help HelpId="-1" />
  </MessageCell>
  <MessageCell ServiceId="80" MessageId="30" MessageClass="Information" Timestamp="7/26/2021 6:13:16 PM">
    <Number ServiceNumber="80" MessageNumber="30" />
    <Text FeedbackText="The cross-reference information was created successfully." />
    <Help HelpId="-1" />
  </MessageCell>
  <MessageCell ServiceId="80" MessageId="30" MessageClass="Information" Timestamp="7/26/2021 6:13:16 PM">
    <Number ServiceNumber="80" MessageNumber="30" />
    <Text FeedbackText="Conversion of the cross-reference information is finished." />
    <Help HelpId="-1" />
  </MessageCell>
  <Details ServiceId="80" MessageId="30" Timestamp="7/26/2021 6:13:18 PM" Debug="false">
    <Text>Package container 'HW.S71200.CPU.V4.CPU_1211C.MDD_6ES7211-1AE40-0XB0_4.1_14.0.0' was deleted</Text>
  </Details>
  <Details ServiceId="80" MessageId="30" Timestamp="7/26/2021 6:13:18 PM" Debug="false">
    <Text>Package container 'HW.S71200.CPU.V4.CPU_1211C.MDD_6ES7211-1AE40-0XB0_4.2_14.0.0' was deleted</Text>
  </Details>
  <Details ServiceId="80" MessageId="30" Timestamp="7/26/2021 6:13:18 PM" Debug="false">
    <Text>Package container 'Siemens.Simatic.Lang.S7BSW.V15.1.0.0.NonMandatory' was deleted</Text>
  </Details>
  <Details ServiceId="80" MessageId="30" Timestamp="7/26/2021 6:13:18 PM" Debug="false">
    <Text>Package container 'HW.S71200.CPU.V4.CPU_1212C.MDD_6ES7212-1AE40-0XB0_4.2_14.0.0' was deleted</Text>
  </Details>
  <MessageCell ServiceId="Automation-ObjectFrame-Feedbacks" MessageId="ConversionInfoTabProjectSucceeded" MessageClass="Success" Timestamp="7/26/2021 6:13:19 PM">
    <Number ServiceNumber="80" MessageNumber="34" />
    <Text FeedbackText="Project 'C:\Users\Tapan\Downloads\Server-1\Server-1\System\PEData.plf' was successfully upgraded and saved as project 'C:\Users\Tapan\Downloads\Server-1\Server-1_V16\System\PEData.plf'." />
    <Help HelpId="-1" HelpFile="" />
  </MessageCell>
  <MessageCell ServiceId="80" MessageId="30" MessageClass="Information" Timestamp="7/26/2021 6:13:19 PM">
    <Number ServiceNumber="80" MessageNumber="30" />
    <Text FeedbackText="FinalCheckRemainingErrors" />
    <Help HelpId="-1" />
  </MessageCell>
  <Details ServiceId="80" MessageId="30" Timestamp="7/26/2021 6:13:19 PM" Debug="false">
    <Text>No error is detected.</Text>
  </Details>
</LogFile>